Time,Wireless Signal Status,AF3, F7, F3, FC5, T7, P7, O1, O2, P8, T8, FC6, F4, F8, AF4,||,Blink,Wink Left,Wink Right,Surprise,Frown,Smile,Clench,
0.0613485,0,4, 4, 4, 4, 4, 4, 4, 4, 4, 4, 4, 4, 4, 4, ||,0,0,0,0,0,0,0,
0.528518,0,0, 0, 4, 0, 0, 4, 4, 4, 0, 4, 4, 4, 4, 4, ||,0,0,0,0.052215,0,0,0,
0.653877,0,0, 0, 4, 0, 0, 4, 4, 4, 0, 4, 4, 4, 4, 4, ||,0,0,0,0.0690111,0,0,0,
0.778836,0,0, 0, 4, 0, 0, 4, 4, 4, 0, 4, 4, 4, 4, 4, ||,0,0,0,0,0.11582,0,0,
0.903894,0,0, 0, 4, 0, 0, 4, 4, 4, 0, 4, 4, 4, 4, 4, ||,0,0,0,0,0.163721,0,0,
0.903894,1,0, 0, 4, 0, 0, 4, 4, 4, 0, 4, 4, 4, 4, 4, ||,0,0,0,0,0.163721,0,0,
1.02895,1,0, 4, 4, 0, 4, 4, 4, 4, 0, 4, 4, 4, 4, 4, ||,0,0,0,0,0.194747,0,0,
1.15401,1,0, 4, 4, 0, 4, 4, 4, 4, 0, 4, 4, 4, 4, 4, ||,0,0,0,0,0.196243,0,0,
1.27917,1,0, 4, 4, 0, 4, 4, 4, 4, 0, 4, 4, 4, 4, 4, ||,0,0,0,0,0.167761,0,0,
1.40453,1,0, 4, 4, 0, 4, 4, 4, 4, 0, 4, 4, 4, 4, 4, ||,0,0,0,0,0.119139,0,0,
1.52959,1,0, 4, 4, 0, 4, 4, 4, 4, 0, 4, 4, 4, 4, 4, ||,0,0,0,0,0.0760689,0,0,
1.65475,1,0, 4, 4, 0, 4, 4, 4, 4, 0, 4, 4, 4, 4, 4, ||,0,0,0,0,0.0475225,0,0,
1.7798,1,0, 4, 4, 0, 4, 4, 4, 4, 0, 4, 4, 4, 4, 4, ||,0,0,0,0,0.0807482,0,0,
1.90496,1,0, 4, 4, 0, 4, 4, 4, 4, 0, 4, 4, 4, 4, 4, ||,0,0,0,0,0.066766,0,0,
2.02992,1,0, 4, 4, 0, 4, 4, 4, 4, 0, 4, 4, 4, 4, 4, ||,0,0,0,0,0.105486,0,0,
2.15518,1,0, 4, 4, 0, 4, 4, 4, 4, 0, 4, 4, 4, 4, 4, ||,0,0,0,0,0.201522,0,0,
2.28004,1,0, 4, 4, 0, 4, 4, 4, 4, 0, 4, 4, 4, 4, 4, ||,0,0,0,0,0.0823343,0,0,
2.4053,1,0, 4, 4, 0, 4, 4, 4, 4, 0, 4, 4, 4, 4, 4, ||,0,0,0,0,0.0685429,0,0,
2.53046,1,0, 4, 4, 0, 4, 4, 4, 4, 0, 4, 4, 4, 4, 4, ||,0,0,0,0,0.0289549,0,0,
2.65551,1,0, 4, 4, 0, 4, 4, 4, 4, 0, 4, 4, 4, 4, 4, ||,0,0,0,0,0.142659,0,0,
2.78077,1,0, 4, 4, 0, 4, 4, 4, 4, 0, 4, 4, 4, 4, 4, ||,0,0,0,0,0.110113,0,0,
2.90583,1,0, 4, 4, 0, 4, 4, 4, 4, 0, 4, 4, 4, 4, 4, ||,0,0,0,0,0.0566517,0,0,
2.90583,2,0, 4, 4, 0, 4, 4, 4, 4, 0, 4, 4, 4, 4, 4, ||,0,0,0,0,0.0566517,0,0,
3.03089,2,0, 4, 4, 0, 4, 4, 4, 4, 0, 4, 4, 4, 4, 4, ||,0,0,0,0,0,0,0,
3.53123,2,0, 4, 4, 0, 4, 4, 4, 4, 0, 4, 4, 4, 4, 4, ||,0,0,0,0,0,0,0,
4.03236,2,0, 4, 4, 0, 4, 4, 4, 4, 0, 4, 4, 4, 4, 4, ||,0,0,0,0,0,0,0,
4.15742,2,0, 4, 4, 0, 4, 4, 4, 4, 0, 4, 4, 4, 4, 4, ||,0,0,0,0,0,1,0,
4.53279,2,0, 4, 4, 0, 4, 4, 4, 4, 0, 4, 4, 4, 4, 4, ||,0,0,0,0,0,0,0,
4.65785,2,0, 4, 4, 0, 4, 4, 4, 4, 0, 4, 4, 4, 4, 4, ||,0,0,0,0,0.0923498,0,0,
4.78291,2,0, 4, 4, 0, 4, 4, 4, 4, 0, 4, 4, 4, 4, 4, ||,0,0,0,0,0.0902259,0,0,
4.90787,2,0, 4, 4, 0, 4, 4, 4, 4, 0, 4, 4, 4, 4, 4, ||,0,0,0,0,0.0732724,0,0,
5.03303,2,0, 4, 4, 0, 4, 4, 4, 4, 0, 4, 4, 4, 4, 4, ||,0,0,0,0,0.0762905,0,0,
5.15799,2,0, 4, 4, 0, 4, 4, 4, 4, 0, 4, 4, 4, 4, 4, ||,0,0,0,0,0.193971,0,0,
5.28315,2,0, 4, 4, 0, 4, 4, 4, 4, 0, 4, 4, 4, 4, 4, ||,0,0,0,0,0.0875595,0,0,
5.4085,2,0, 4, 4, 0, 4, 4, 4, 4, 0, 4, 4, 4, 4, 4, ||,0,0,0,0,0.0599233,0,0,
5.53356,2,0, 4, 4, 0, 4, 4, 4, 4, 0, 4, 4, 4, 4, 4, ||,0,0,0,0,0.0692062,0,0,
5.65872,2,0, 4, 4, 0, 4, 4, 4, 4, 0, 4, 4, 4, 4, 4, ||,0,0,0,0,0.0945047,0,0,
5.78388,2,0, 4, 4, 0, 4, 4, 4, 4, 0, 4, 4, 4, 4, 4, ||,0,0,0,0,0.087988,0,0,
5.90894,2,0, 4, 4, 0, 4, 4, 4, 4, 0, 4, 4, 4, 4, 4, ||,0,0,0,0,0.0979143,0,0,
6.0339,2,0, 4, 4, 0, 4, 4, 4, 4, 0, 4, 4, 4, 4, 4, ||,0,0,0,0,0.192282,0,0,
6.159,2,0, 4, 4, 0, 4, 4, 4, 4, 0, 4, 4, 4, 4, 4, ||,0,0,0,0,0.247873,0,0,
6.28432,2,0, 4, 4, 0, 4, 4, 4, 4, 0, 4, 4, 4, 4, 4, ||,0,0,0,0,0.224017,0,0,
6.40924,2,0, 4, 4, 0, 4, 4, 4, 4, 0, 4, 4, 4, 4, 4, ||,0,0,0,0,0.10517,0,0,
6.53476,2,0, 4, 4, 0, 4, 4, 4, 4, 0, 4, 4, 4, 4, 4, ||,0,0,0,0,0.350151,0,0,
6.65979,2,0, 4, 4, 0, 4, 4, 4, 4, 0, 4, 4, 4, 4, 4, ||,0,0,0,0,0.21246,0,0,
6.78498,2,0, 4, 4, 0, 4, 4, 4, 4, 0, 4, 4, 4, 4, 4, ||,0,0,0,0,0.125203,0,0,
6.9099,2,0, 4, 4, 0, 4, 4, 4, 4, 0, 4, 4, 4, 4, 4, ||,0,0,0,0,0.0774841,0,0,
7.03502,2,0, 4, 4, 0, 4, 4, 4, 4, 0, 4, 4, 4, 4, 4, ||,0,0,0,0,0.0609675,0,0,
7.16045,2,0, 4, 4, 0, 4, 4, 4, 4, 0, 4, 4, 4, 4, 4, ||,0,0,0,0,0.0710624,0,0,
7.28558,2,0, 4, 4, 0, 4, 4, 4, 4, 0, 4, 4, 4, 4, 4, ||,0,0,0,0,0.0584166,0,0,
7.41081,2,0, 4, 4, 0, 4, 4, 4, 4, 0, 4, 4, 4, 4, 4, ||,0,0,0,0,0.0702629,0,0,
7.53583,2,0, 4, 4, 0, 4, 4, 4, 4, 0, 4, 4, 4, 4, 4, ||,0,0,0,0,0.123883,0,0,
7.66096,2,0, 4, 4, 0, 4, 4, 4, 4, 0, 4, 4, 4, 4, 4, ||,0,0,0,0,0.164002,0,0,
7.78649,2,0, 4, 4, 0, 4, 4, 4, 4, 0, 4, 4, 4, 4, 4, ||,0,0,0,0,0.178616,0,0,
7.91102,2,0, 4, 4, 0, 4, 4, 4, 4, 0, 4, 4, 4, 4, 4, ||,0,0,0,0,0.217541,0,0,
8.03625,2,0, 4, 4, 0, 4, 4, 4, 4, 0, 4, 4, 4, 4, 4, ||,0,0,0,0,0.112468,0,0,
8.16148,2,0, 4, 4, 0, 4, 4, 4, 4, 0, 4, 4, 4, 4, 4, ||,0,0,0,0,0.128156,0,0,
8.2866,2,0, 4, 4, 0, 4, 4, 4, 4, 0, 4, 4, 4, 4, 4, ||,0,0,0,0,0.0712541,0,0,
8.41183,2,0, 4, 4, 0, 4, 4, 4, 4, 0, 4, 4, 4, 4, 4, ||,0,0,0,0,0.0720446,0,0,
8.47419,2,0, 4, 4, 0, 4, 4, 4, 4, 0, 4, 4, 4, 4, 4, ||,0,0,0,0,0.0720446,0,0,
8.53686,2,0, 4, 4, 0, 4, 4, 4, 4, 0, 4, 4, 4, 4, 4, ||,0,0,0,0,0,0,0,
8.72475,2,0, 4, 4, 0, 4, 4, 4, 4, 0, 4, 4, 4, 4, 4, ||,0,0,0,0,0,0,0,
9.03748,2,0, 4, 4, 0, 4, 4, 4, 4, 0, 4, 4, 4, 4, 4, ||,0,0,0,0,0,0,0,
9.41296,2,0, 4, 4, 0, 4, 4, 4, 4, 0, 4, 4, 4, 4, 4, ||,0,0,0,0,0,0,0,
9.53789,2,0, 4, 4, 0, 4, 4, 4, 4, 0, 4, 4, 4, 4, 4, ||,0,0,0,0,0,0,0,
9.66292,2,0, 4, 4, 0, 4, 4, 4, 4, 0, 4, 4, 4, 4, 4, ||,0,0,0,0,0,0,0,
10.0386,2,0, 4, 4, 0, 4, 4, 4, 4, 0, 4, 4, 4, 4, 4, ||,0,0,0,0,0,0,0,
10.1637,2,0, 4, 4, 0, 4, 4, 4, 4, 0, 4, 4, 4, 4, 4, ||,0,0,0,0,0,1,0,
10.5389,2,0, 4, 4, 0, 4, 4, 4, 4, 0, 4, 4, 4, 4, 4, ||,0,0,0,0,0,1,0,
10.664,2,0, 4, 4, 0, 4, 4, 4, 4, 0, 4, 4, 4, 4, 4, ||,0,0,0,0,0,0,0,
10.7265,2,0, 4, 4, 0, 4, 4, 4, 4, 0, 4, 4, 4, 4, 4, ||,0,0,0,0,0,0,0,
10.789,2,0, 4, 4, 0, 4, 4, 4, 4, 0, 4, 4, 4, 4, 4, ||,0,0,0,0,0,0,0,
11.0392,2,0, 4, 4, 0, 4, 4, 4, 4, 0, 4, 4, 4, 4, 4, ||,0,0,0,0,0,0,0,
11.1645,2,0, 4, 4, 0, 4, 4, 4, 4, 0, 4, 4, 4, 4, 4, ||,0,0,0,0,0,0,0,
11.2896,2,0, 4, 4, 0, 4, 4, 4, 4, 0, 4, 4, 4, 4, 4, ||,0,0,0,0,0.171766,0,0,
11.4148,2,0, 4, 4, 0, 4, 4, 4, 4, 0, 4, 4, 4, 4, 4, ||,0,0,0,0,0.378518,0,0,
11.5399,2,0, 4, 4, 0, 4, 4, 4, 4, 0, 4, 4, 4, 4, 4, ||,0,0,0,0,0.230484,0,0,
11.665,2,0, 4, 4, 0, 4, 4, 4, 4, 0, 4, 4, 4, 4, 4, ||,0,0,0,0,0.20262,0,0,
11.79,2,0, 4, 4, 0, 4, 4, 4, 4, 0, 4, 4, 4, 4, 4, ||,0,0,0,0,0.324786,0,0,
11.9152,2,0, 4, 4, 0, 4, 4, 4, 4, 0, 4, 4, 4, 4, 4, ||,0,0,0,0,0.24794,0,0,
12.0403,2,0, 4, 4, 0, 4, 4, 4, 4, 0, 4, 4, 4, 4, 4, ||,0,0,0,0,0.104515,0,0,
12.1656,2,0, 4, 4, 0, 4, 4, 4, 4, 0, 4, 4, 4, 4, 4, ||,0,0,0,0,0.0468191,0,0,
12.2908,2,0, 4, 4, 0, 4, 4, 4, 4, 0, 4, 4, 4, 4, 4, ||,0,0,0,0,0.0974589,0,0,
12.416,2,0, 4, 4, 0, 4, 4, 4, 4, 0, 4, 4, 4, 4, 4, ||,0,0,0,0,0.158478,0,0,
12.5409,2,0, 4, 4, 0, 4, 4, 4, 4, 0, 4, 4, 4, 4, 4, ||,0,0,0,0,0.173534,0,0,
12.666,2,0, 4, 4, 0, 4, 4, 4, 4, 0, 4, 4, 4, 4, 4, ||,0,0,0,0,0.107108,0,0,
12.791,2,0, 4, 4, 0, 4, 4, 4, 4, 0, 4, 4, 4, 4, 4, ||,0,0,0,0,0.165061,0,0,
12.9162,2,0, 4, 4, 0, 4, 4, 4, 4, 0, 4, 4, 4, 4, 4, ||,0,0,0,0,0.225302,0,0,
13.0415,2,0, 4, 4, 0, 4, 4, 4, 4, 0, 4, 4, 4, 4, 4, ||,0,0,0,0,0.129043,0,0,
13.1667,2,0, 4, 4, 0, 4, 4, 4, 4, 0, 4, 4, 4, 4, 4, ||,0,0,0,0,0.166285,0,0,
13.2918,2,0, 4, 4, 0, 4, 4, 4, 4, 0, 4, 4, 4, 4, 4, ||,0,0,0,0,0.158273,0,0,
13.4169,2,0, 4, 4, 0, 4, 4, 4, 4, 0, 4, 4, 4, 4, 4, ||,0,0,0,0,0.0964695,0,0,
13.5419,2,0, 4, 4, 0, 4, 4, 4, 4, 0, 4, 4, 4, 4, 4, ||,0,0,0,0,0.0428146,0,0,
13.6671,2,0, 4, 4, 0, 4, 4, 4, 4, 0, 4, 4, 4, 4, 4, ||,0,0,0,0,0.0653117,0,0,
13.792,2,0, 4, 4, 0, 4, 4, 4, 4, 0, 4, 4, 4, 4, 4, ||,0,0,0,0,0.114856,0,0,
13.9173,2,0, 4, 4, 0, 4, 4, 4, 4, 0, 4, 4, 4, 4, 4, ||,0,0,0,0,0.149854,0,0,
14.0425,2,0, 4, 4, 0, 4, 4, 4, 4, 0, 4, 4, 4, 4, 4, ||,0,0,0,0,0.220784,0,0,
14.1678,2,0, 4, 4, 0, 4, 4, 4, 4, 0, 4, 4, 4, 4, 4, ||,0,0,0,0,0.270852,0,0,
14.2929,2,0, 4, 4, 0, 4, 4, 4, 4, 0, 4, 4, 4, 4, 4, ||,0,0,0,0,0.144333,0,0,
14.4179,2,0, 4, 4, 0, 4, 4, 4, 4, 0, 4, 4, 4, 4, 4, ||,0,0,0,0,0.0862597,0,0,
14.543,2,0, 4, 4, 0, 4, 4, 4, 4, 0, 4, 4, 4, 4, 4, ||,0,0,0,0,0.177627,0,0,
14.668,2,0, 4, 4, 0, 4, 4, 4, 4, 0, 4, 4, 4, 4, 4, ||,0,0,0,0,0.236033,0,0,
14.793,2,0, 4, 4, 0, 4, 4, 4, 4, 0, 4, 4, 4, 4, 4, ||,0,0,0,0,0.264364,0,0,
14.9182,2,0, 4, 4, 0, 4, 4, 4, 4, 0, 4, 4, 4, 4, 4, ||,0,0,0,0,0.155881,0,0,
15.0435,2,0, 4, 4, 0, 4, 4, 4, 4, 0, 4, 4, 4, 4, 4, ||,0,0,0,0,0.163082,0,0,
15.1688,2,0, 4, 4, 0, 4, 4, 4, 4, 0, 4, 4, 4, 4, 4, ||,0,0,0,0,0.173248,0,0,
15.2938,2,0, 4, 4, 0, 4, 4, 4, 4, 0, 4, 4, 4, 4, 4, ||,0,0,0,0,0.10233,0,0,
15.4189,2,0, 4, 4, 0, 4, 4, 4, 4, 0, 4, 4, 4, 4, 4, ||,0,0,0,0,0.097878,0,0,
15.5439,2,0, 4, 4, 0, 4, 4, 4, 4, 0, 4, 4, 4, 4, 4, ||,0,0,0,0,0.135869,0,0,
15.669,2,0, 4, 4, 0, 4, 4, 4, 4, 0, 4, 4, 4, 4, 4, ||,0,0,0,0,0.0946184,0,0,
15.794,2,0, 4, 4, 0, 4, 4, 4, 4, 0, 4, 4, 4, 4, 4, ||,0,0,0,0,0.0627767,0,0,
15.9192,2,0, 4, 4, 0, 4, 4, 4, 4, 0, 4, 4, 4, 4, 4, ||,0,0,0,0,0.068399,0,0,
16.0445,2,0, 4, 4, 0, 4, 4, 4, 4, 0, 4, 4, 4, 4, 4, ||,0,0,0,0,0.146298,0,0,
16.1695,2,0, 4, 4, 0, 4, 4, 4, 4, 0, 4, 4, 4, 4, 4, ||,0,0,0,0,0.150171,0,0,
16.2947,2,0, 4, 4, 0, 4, 4, 4, 4, 0, 4, 4, 4, 4, 4, ||,0,0,0,0,0.154554,0,0,
16.4199,2,0, 4, 4, 0, 4, 4, 4, 4, 0, 4, 4, 4, 4, 4, ||,0,0,0,0,0.115751,0,0,
16.5449,2,0, 4, 4, 0, 4, 4, 4, 4, 0, 4, 4, 4, 4, 4, ||,0,0,0,0,0.138978,0,0,
16.6699,2,0, 4, 4, 0, 4, 4, 4, 4, 0, 4, 4, 4, 4, 4, ||,0,0,0,0,0.182506,0,0,
16.795,2,0, 4, 4, 0, 4, 4, 4, 4, 0, 4, 4, 4, 4, 4, ||,0,0,0,0,0.149943,0,0,
16.92,2,0, 4, 4, 0, 4, 4, 4, 4, 0, 4, 4, 4, 4, 4, ||,0,0,0,0,0.165842,0,0,
17.0452,2,0, 4, 4, 0, 4, 4, 4, 4, 0, 4, 4, 4, 4, 4, ||,0,0,0,0,0.137034,0,0,
17.1705,2,0, 4, 4, 0, 4, 4, 4, 4, 0, 4, 4, 4, 4, 4, ||,0,0,0,0,0.125839,0,0,
17.2956,2,0, 4, 4, 0, 4, 4, 4, 4, 0, 4, 4, 4, 4, 4, ||,0,0,0,0,0.208797,0,0,
17.4208,2,0, 4, 4, 0, 4, 4, 4, 4, 0, 4, 4, 4, 4, 4, ||,0,0,0,0,0.147054,0,0,
17.5458,2,0, 4, 4, 0, 4, 4, 4, 4, 0, 4, 4, 4, 4, 4, ||,0,0,0,0,0.317079,0,0,
17.6708,2,0, 4, 4, 0, 4, 4, 4, 4, 0, 4, 4, 4, 4, 4, ||,0,0,0,0,0.151467,0,0,
17.7959,2,0, 4, 4, 0, 4, 4, 4, 4, 0, 4, 4, 4, 4, 4, ||,0,0,0,0,0.0559814,0,0,
17.921,2,0, 4, 4, 0, 4, 4, 4, 4, 0, 4, 4, 4, 4, 4, ||,0,0,0,0,0.0834805,0,0,
18.046,2,0, 4, 4, 0, 4, 4, 4, 4, 0, 4, 4, 4, 4, 4, ||,0,0,0,0,0.082128,0,0,
18.1712,2,0, 4, 4, 0, 4, 4, 4, 4, 0, 4, 4, 4, 4, 4, ||,0,0,0,0,0.0917286,0,0,
18.2965,2,0, 4, 4, 0, 4, 4, 4, 4, 0, 4, 4, 4, 4, 4, ||,0,0,0,0,0.0680308,0,0,
18.4216,2,0, 4, 4, 0, 4, 4, 4, 4, 0, 4, 4, 4, 4, 4, ||,0,0,0,0,0.0995168,0,0,
18.5468,2,0, 4, 4, 0, 4, 4, 4, 4, 0, 4, 4, 4, 4, 4, ||,0,0,0,0,0.0902074,0,0,
18.6719,2,0, 4, 4, 0, 4, 4, 4, 4, 0, 4, 4, 4, 4, 4, ||,0,0,0,0,0,0,0,
18.922,2,0, 4, 4, 0, 4, 4, 4, 4, 0, 4, 4, 4, 4, 4, ||,0,0,0,0,0.123994,0,0,
19.047,2,0, 4, 4, 0, 4, 4, 4, 4, 0, 4, 4, 4, 4, 4, ||,0,0,0,0,0.205081,0,0,
19.1722,2,0, 4, 4, 0, 4, 4, 4, 4, 0, 4, 4, 4, 4, 4, ||,0,0,0,0,0.214767,0,0,
19.2972,2,0, 4, 4, 0, 4, 4, 4, 4, 0, 4, 4, 4, 4, 4, ||,0,0,0,0,0.199765,0,0,
19.4225,2,0, 4, 4, 0, 4, 4, 4, 4, 0, 4, 4, 4, 4, 4, ||,0,0,0,0,0.123275,0,0,
19.5478,2,0, 4, 4, 0, 4, 4, 4, 4, 0, 4, 4, 4, 4, 4, ||,0,0,0,0,0.126266,0,0,
19.6102,2,0, 4, 4, 0, 4, 4, 4, 4, 0, 4, 4, 4, 4, 4, ||,0,0,0,0,0.126266,0,0,
19.6728,2,0, 4, 4, 0, 4, 4, 4, 4, 0, 4, 4, 4, 4, 4, ||,0,0,0,0,0.147042,0,0,
19.798,2,0, 4, 4, 0, 4, 4, 4, 4, 0, 4, 4, 4, 4, 4, ||,0,0,0,0,0.0939436,0,0,
19.923,2,0, 4, 4, 0, 4, 4, 4, 4, 0, 4, 4, 4, 4, 4, ||,0,0,0,0,0.0571809,0,0,
19.9857,2,0, 4, 4, 0, 4, 4, 4, 4, 0, 4, 4, 4, 4, 4, ||,0,0,0,0,0.0571809,0,0,
20.048,2,0, 4, 4, 0, 4, 4, 4, 4, 0, 4, 4, 4, 4, 4, ||,0,0,0,0,0.135395,0,0,
20.1732,2,0, 4, 4, 0, 4, 4, 4, 4, 0, 4, 4, 4, 4, 4, ||,0,0,0,0,0.285439,0,0,
20.2982,2,0, 4, 4, 0, 4, 4, 4, 4, 0, 4, 4, 4, 4, 4, ||,0,0,0,0,0.537132,0,0,
20.4236,2,0, 4, 4, 0, 4, 4, 4, 4, 0, 4, 4, 4, 4, 4, ||,0,0,0,0,0.153643,0,0,
20.5488,2,0, 4, 4, 0, 4, 4, 4, 4, 0, 4, 4, 4, 4, 4, ||,0,0,0,0,0.0738998,0,0,
20.6738,2,0, 4, 4, 0, 4, 4, 4, 4, 0, 4, 4, 4, 4, 4, ||,0,0,0,0,0.0881831,0,0,
20.7989,2,0, 4, 4, 0, 4, 4, 4, 4, 0, 4, 4, 4, 4, 4, ||,0,0,0,0,0.0885852,0,0,
20.924,2,0, 4, 4, 0, 4, 4, 4, 4, 0, 4, 4, 4, 4, 4, ||,0,0,0,0,0.0863292,0,0,
21.0492,2,0, 4, 4, 0, 4, 4, 4, 4, 0, 4, 4, 4, 4, 4, ||,0,0,0,0,0.0750259,0,0,
21.1742,2,0, 4, 4, 0, 4, 4, 4, 4, 0, 4, 4, 4, 4, 4, ||,0,0,0,0,0.0774856,0,0,
21.2998,2,0, 4, 4, 0, 4, 4, 4, 4, 0, 4, 4, 4, 4, 4, ||,0,0,0,0,0.113574,0,0,
21.4246,2,0, 4, 4, 0, 4, 4, 4, 4, 0, 4, 4, 4, 4, 4, ||,0,0,0,0,0.100119,0,0,
21.5498,2,0, 4, 4, 0, 4, 4, 4, 4, 0, 4, 4, 4, 4, 4, ||,0,0,0,0,0.0972496,0,0,
21.6749,2,0, 4, 4, 0, 4, 4, 4, 4, 0, 4, 4, 4, 4, 4, ||,0,0,0,0,0.144746,0,0,
21.8,2,0, 4, 4, 0, 4, 4, 4, 4, 0, 4, 4, 4, 4, 4, ||,0,0,0,0,0.0495137,0,0,
21.925,2,0, 4, 4, 0, 4, 4, 4, 4, 0, 4, 4, 4, 4, 4, ||,0,0,0,0,0.0569037,0,0,
22.0504,2,0, 4, 4, 0, 4, 4, 4, 4, 0, 4, 4, 4, 4, 4, ||,0,0,0,0,0.0717998,0,0,
22.1755,2,0, 4, 4, 0, 4, 4, 4, 4, 0, 4, 4, 4, 4, 4, ||,0,0,0,0,0.0759881,0,0,
22.3009,2,0, 4, 4, 0, 4, 4, 4, 4, 0, 4, 4, 4, 4, 4, ||,0,0,0,0,0.164476,0,0,
22.4259,2,0, 4, 4, 0, 4, 4, 4, 4, 0, 4, 4, 4, 4, 4, ||,0,0,0,0,0.185003,0,0,
22.4884,2,0, 4, 4, 0, 4, 4, 4, 4, 0, 4, 4, 4, 4, 4, ||,0,0,0,0,0.185003,0,0,
22.5509,2,0, 4, 4, 0, 4, 4, 4, 4, 0, 4, 4, 4, 4, 4, ||,0,0,0,0,0.12783,0,0,
22.676,2,0, 4, 4, 0, 4, 4, 4, 4, 0, 4, 4, 4, 4, 4, ||,0,0,0,0,0.129903,0,0,
22.8014,2,0, 4, 4, 0, 4, 4, 4, 4, 0, 4, 4, 4, 4, 4, ||,0,0,0,0,0.0755574,0,0,
22.9264,2,0, 4, 4, 0, 4, 4, 4, 4, 0, 4, 4, 4, 4, 4, ||,0,0,0,0,0.181691,0,0,
22.989,2,0, 4, 4, 0, 4, 4, 4, 4, 0, 4, 4, 4, 4, 4, ||,0,0,0,0,0.181691,0,0,
23.0515,2,0, 4, 4, 0, 4, 4, 4, 4, 0, 4, 4, 4, 4, 4, ||,0,0,0,0,0.250798,0,0,
23.1767,2,0, 4, 4, 0, 4, 4, 4, 4, 0, 4, 4, 4, 4, 4, ||,0,0,0,0,0.119956,0,0,
23.3019,2,0, 4, 4, 0, 4, 4, 4, 4, 0, 4, 4, 4, 4, 4, ||,0,0,0,0,0.0841561,0,0,
23.4268,2,0, 4, 4, 0, 4, 4, 4, 4, 0, 4, 4, 4, 4, 4, ||,0,0,0,0,0,0,0,
23.552,2,0, 4, 4, 0, 4, 4, 4, 4, 0, 4, 4, 4, 4, 4, ||,0,0,0,0,0,0,0,
23.6771,2,0, 4, 4, 0, 4, 4, 4, 4, 0, 4, 4, 4, 4, 4, ||,0,0,0,0,0,0,0,
23.8023,2,0, 4, 4, 0, 4, 4, 4, 4, 0, 4, 4, 4, 4, 4, ||,0,0,0,0,0,0,0,
23.9276,2,0, 4, 4, 0, 4, 4, 4, 4, 0, 4, 4, 4, 4, 4, ||,0,0,0,0,0,0,0,
24.0525,2,0, 4, 4, 0, 4, 4, 4, 4, 0, 4, 4, 4, 4, 4, ||,0,0,0,0,0.077715,0,0,
24.178,2,0, 4, 4, 0, 4, 4, 4, 4, 0, 4, 4, 4, 4, 4, ||,0,0,0,0,0.0856719,0,0,
24.303,2,0, 4, 4, 0, 4, 4, 4, 4, 0, 4, 4, 4, 4, 4, ||,0,0,0,0,0.0958926,0,0,
24.428,2,0, 4, 4, 0, 4, 4, 4, 4, 0, 4, 4, 4, 4, 4, ||,0,0,0,0,0.0740455,0,0,
24.553,2,0, 4, 4, 0, 4, 4, 4, 4, 0, 4, 4, 4, 4, 4, ||,0,0,0,0,0.0540186,0,0,
24.6784,2,0, 4, 4, 0, 4, 4, 4, 4, 0, 4, 4, 4, 4, 4, ||,0,0,0,0,0.0727352,0,0,
24.8035,2,0, 4, 4, 0, 4, 4, 4, 4, 0, 4, 4, 4, 4, 4, ||,0,0,0,0,0.0960448,0,0,
24.9285,2,0, 4, 4, 0, 4, 4, 4, 4, 0, 4, 4, 4, 4, 4, ||,0,0,0,0,0.254806,0,0,
25.054,2,0, 4, 4, 0, 4, 4, 4, 4, 0, 4, 4, 4, 4, 4, ||,0,0,0,0,0.567579,0,0,
25.179,2,0, 4, 4, 0, 4, 4, 4, 4, 0, 4, 4, 4, 4, 4, ||,0,0,0,0,0.440905,0,0,
25.3043,2,0, 4, 4, 0, 4, 4, 4, 4, 0, 4, 4, 4, 4, 4, ||,0,0,0,0,0.31912,0,0,
25.4294,2,0, 4, 4, 0, 4, 4, 4, 4, 0, 4, 4, 4, 4, 4, ||,0,0,0,0,0.248304,0,0,
25.5547,2,0, 4, 4, 0, 4, 4, 4, 4, 0, 4, 4, 4, 4, 4, ||,0,0,0,0,0.196408,0,0,
25.6798,2,0, 4, 4, 0, 4, 4, 4, 4, 0, 4, 4, 4, 4, 4, ||,0,0,0,0,0.0483577,0,0,
25.8049,2,0, 4, 4, 0, 4, 4, 4, 4, 0, 4, 4, 4, 4, 4, ||,0,0,0,0,0.0431111,0,0,
25.93,2,0, 4, 4, 0, 4, 4, 4, 4, 0, 4, 4, 4, 4, 4, ||,0,0,0,0,0.0609267,0,0,
26.0549,2,0, 4, 4, 0, 4, 4, 4, 4, 0, 4, 4, 4, 4, 4, ||,0,0,0,0,0.0949907,0,0,
26.18,2,0, 4, 4, 0, 4, 4, 4, 4, 0, 4, 4, 4, 4, 4, ||,0,0,0,0,0.0945435,0,0,
26.3053,2,0, 4, 4, 0, 4, 4, 4, 4, 0, 4, 4, 4, 4, 4, ||,0,0,0,0,0.245063,0,0,
26.4305,2,0, 4, 4, 0, 4, 4, 4, 4, 0, 4, 4, 4, 4, 4, ||,0,0,0,0,0.262323,0,0,
26.5557,2,0, 4, 4, 0, 4, 4, 4, 4, 0, 4, 4, 4, 4, 4, ||,0,0,0,0,0.100294,0,0,
26.6809,2,0, 4, 4, 0, 4, 4, 4, 4, 0, 4, 4, 4, 4, 4, ||,0,0,0,0,0.0870847,0,0,
26.806,2,0, 4, 4, 0, 4, 4, 4, 4, 0, 4, 4, 4, 4, 4, ||,0,0,0,0,0.0735046,0,0,
26.9309,2,0, 4, 4, 0, 4, 4, 4, 4, 0, 4, 4, 4, 4, 4, ||,0,0,0,0,0.0914671,0,0,
27.056,2,0, 4, 4, 0, 4, 4, 4, 4, 0, 4, 4, 4, 4, 4, ||,0,0,0,0,0.0988912,0,0,
27.1811,2,0, 4, 4, 0, 4, 4, 4, 4, 0, 4, 4, 4, 4, 4, ||,0,0,0,0,0.0968377,0,0,
27.3063,2,0, 4, 4, 0, 4, 4, 4, 4, 0, 4, 4, 4, 4, 4, ||,0,0,0,0,0.106924,0,0,
27.4315,2,0, 4, 4, 0, 4, 4, 4, 4, 0, 4, 4, 4, 4, 4, ||,0,0,0,0,0.0653683,0,0,
27.5569,2,0, 4, 4, 0, 4, 4, 4, 4, 0, 4, 4, 4, 4, 4, ||,0,0,0,0,0.0528876,0,0,
27.6819,2,0, 4, 4, 0, 4, 4, 4, 4, 0, 4, 4, 4, 4, 4, ||,0,0,0,0,0.0568353,0,0,
27.8069,2,0, 4, 4, 0, 4, 4, 4, 4, 0, 4, 4, 4, 4, 4, ||,0,0,0,0,0.139048,0,0,
27.932,2,0, 4, 4, 0, 4, 4, 4, 4, 0, 4, 4, 4, 4, 4, ||,0,0,0,0,0.37257,0,0,
28.0572,2,0, 4, 4, 0, 4, 4, 4, 4, 0, 4, 4, 4, 4, 4, ||,0,0,0,0,0.28989,0,0,
28.1823,2,0, 4, 4, 0, 4, 4, 4, 4, 0, 4, 4, 4, 4, 4, ||,0,0,0,0,0.138964,0,0,
28.3076,2,0, 4, 4, 0, 4, 4, 4, 4, 0, 4, 4, 4, 4, 4, ||,0,0,0,0,0.0844868,0,0,
28.4329,2,0, 4, 4, 0, 4, 4, 4, 4, 0, 4, 4, 4, 4, 4, ||,0,0,0,0,0.135701,0,0,
28.5578,2,0, 4, 4, 0, 4, 4, 4, 4, 0, 4, 4, 4, 4, 4, ||,0,0,0,0,0.0916566,0,0,
28.6829,2,0, 4, 4, 0, 4, 4, 4, 4, 0, 4, 4, 4, 4, 4, ||,0,0,0,0,0.0726217,0,0,
28.808,2,0, 4, 4, 0, 4, 4, 4, 4, 0, 4, 4, 4, 4, 4, ||,0,0,0,0,0.101612,0,0,
28.9332,2,0, 4, 4, 0, 4, 4, 4, 4, 0, 4, 4, 4, 4, 4, ||,0,0,0,0,0.116248,0,0,
29.0583,2,0, 4, 4, 0, 4, 4, 4, 4, 0, 4, 4, 4, 4, 4, ||,0,0,0,0,0.129916,0,0,
29.1836,2,0, 4, 4, 0, 4, 4, 4, 4, 0, 4, 4, 4, 4, 4, ||,0,0,0,0,0.137322,0,0,
29.309,2,0, 4, 4, 0, 4, 4, 4, 4, 0, 4, 4, 4, 4, 4, ||,0,0,0,0,0.245565,0,0,
29.434,2,0, 4, 4, 0, 4, 4, 4, 4, 0, 4, 4, 4, 4, 4, ||,0,0,0,0,0.187464,0,0,
29.559,2,0, 4, 4, 0, 4, 4, 4, 4, 0, 4, 4, 4, 4, 4, ||,0,0,0,0,0.19021,0,0,
29.6843,2,0, 4, 4, 0, 4, 4, 4, 4, 0, 4, 4, 4, 4, 4, ||,0,0,0,0,0.0989758,0,0,
29.8092,2,0, 4, 4, 0, 4, 4, 4, 4, 0, 4, 4, 4, 4, 4, ||,0,0,0,0,0.0566556,0,0,
29.9346,2,0, 4, 4, 0, 4, 4, 4, 4, 0, 4, 4, 4, 4, 4, ||,0,0,0,0,0.048157,0,0,
30.0598,2,0, 4, 4, 0, 4, 4, 4, 4, 0, 4, 4, 4, 4, 4, ||,0,0,0,0,0.0708577,0,0,
30.1848,2,0, 4, 4, 0, 4, 4, 4, 4, 0, 4, 4, 4, 4, 4, ||,0,0,0,0,0.0978276,0,0,
30.31,2,0, 4, 4, 0, 4, 4, 4, 4, 0, 4, 4, 4, 4, 4, ||,0,0,0,0,0.105217,0,0,
30.4349,2,0, 4, 4, 0, 4, 4, 4, 4, 0, 4, 4, 4, 4, 4, ||,0,0,0,0.0408456,0,0,0,
30.56,2,0, 4, 4, 0, 4, 4, 4, 4, 0, 4, 4, 4, 4, 4, ||,0,0,0,0,0.0388247,0,0,
30.685,2,0, 4, 4, 0, 4, 4, 4, 4, 0, 4, 4, 4, 4, 4, ||,0,0,0,0,0.0854371,0,0,
30.8105,2,0, 4, 4, 0, 4, 4, 4, 4, 0, 4, 4, 4, 4, 4, ||,0,0,0,0,0.113767,0,0,
30.9355,2,0, 4, 4, 0, 4, 4, 4, 4, 0, 4, 4, 4, 4, 4, ||,0,0,0,0,0.0182164,0,0,
31.0608,2,0, 4, 4, 0, 4, 4, 4, 4, 0, 4, 4, 4, 4, 4, ||,0,0,0,0,0,1,0,
31.311,2,0, 4, 4, 0, 4, 4, 4, 4, 0, 4, 4, 4, 4, 4, ||,0,0,0,0,0,1,0,
31.5772,2,0, 4, 4, 0, 1, 4, 4, 4, 0, 4, 4, 4, 4, 4, ||,0,0,0,0.0392265,0,0,0,
31.702,2,0, 4, 4, 0, 1, 4, 4, 4, 0, 4, 4, 4, 4, 4, ||,0,0,0,0.0398653,0,0,0,
31.7649,2,0, 4, 4, 0, 1, 4, 4, 4, 0, 4, 4, 4, 4, 4, ||,0,0,0,0.0398653,0,0,0,
31.8273,2,0, 4, 4, 0, 1, 4, 4, 4, 0, 4, 4, 4, 4, 4, ||,0,0,0,0.0439581,0,0,0,
31.9844,2,0, 4, 4, 0, 1, 4, 4, 4, 0, 4, 4, 4, 4, 4, ||,0,0,0,0.0493471,0,0,0,
32.063,2,0, 4, 4, 0, 2, 4, 4, 4, 0, 4, 4, 4, 4, 4, ||,0,0,0,0.0638534,0,0,0,
32.1968,2,0, 4, 4, 0, 2, 4, 4, 4, 0, 4, 4, 4, 4, 4, ||,0,0,0,0.0595193,0,0,0,
32.3214,2,0, 4, 4, 0, 2, 4, 4, 4, 0, 4, 4, 4, 4, 4, ||,0,0,0,0.0419089,0,0,0,
32.4461,2,0, 4, 4, 0, 2, 4, 4, 4, 0, 4, 4, 4, 4, 4, ||,0,0,0,0.0330909,0,0,0,
32.4461,0,0, 4, 4, 0, 2, 4, 4, 4, 0, 4, 4, 4, 4, 4, ||,0,0,0,0.0330909,0,0,0,
